<?xml version="1.0" encoding="utf-8"?>
<odoo noupdate="1">

    <!-- Sequence for fsm.order -->
    <record id="seq_fsm_order" model="ir.sequence">
        <field name="name">FSM Order</field>
        <field name="code">fsm.order</field>
        <field name="prefix">FO</field>
        <field name="padding">3</field>
        <field name="company_id" eval="False"/>
    </record>

    <!-- Sequence for fsm.route -->
    <record id="seq_fsm_route" model="ir.sequence">
        <field name="name">FSM Route</field>
        <field name="code">fsm.route</field>
        <field name="prefix">SR</field>
        <field name="padding">3</field>
        <field name="company_id" eval="False"/>
    </record>

</odoo>
