<?xml version="1.0" encoding="UTF-8"?>
<templates id="template" xml:space="preserve">

    <t t-name="XmlReceipt">
        <receipt align='center' width='48' value-thousands-separator='' >
            <t t-if='receipt.company.logo'>
                <img t-att-src='receipt.company.logo' />
                <br/>
            </t>
            <t t-if='!receipt.company.logo'>
                <h1><t t-esc='receipt.company.name' /></h1>
                <br/>
            </t>

        </receipt>
  </t>

</templates>